title, price
Sennheiser HD 350BT Wireless Over-Ear Headphones with Bluetooth 5.0 (White),119.95
Sennheiser HD 350BT Wireless Over-Ear Headphones with Bluetooth 5.0 - Black,119.95
Sennheiser CX 150BT White In-Ear Canal Bluetooth Wireless Headphones,79.95
Apple AirPods (2nd Generation) MV7N2AM/A with Charging Case - Stereo - Wireless - Bluetooth - Earbud - Binaural - In-ear,145.96
Jabra Elite 75t Black Voice Assistant True Wireless Earbuds,124.99
JBL JBLT115BTWHTAM Tune 115BT Wireless In-Ear Headphones,39.95
JBL Tune 750 Over-Ear Wireless Headphones with Noise-Cancelling (White),129.95
JBL Tune 220 True Wireless In-Ear Headphone (White),99.95
JBL LIVE 400BT With Google| Alexa Voice Bluetooth Over-Ear Headphones - Black,99.95
JBL LIVE650NCWHT Wireless Over-Ear Noise-Cancelling Headphones - Black,199.95
JBL LIVE 500BT With Google| Alexa voice Bluetooth Over-Ear Headphones- Blue,149.95
JBL LIVE 400BT With Google| Alexa Voice Bluetooth Over-Ear Headphones - White,99.95
JBL LIVE 400BT With Google| Alexa voice Bluetooth Over- Ear Headphones- Red,99.95
JBL Live 200 BT Wireless In-Ear Neckband Headphones with Three-Button Remote and Microphone (White),43.95
JBL Black JBLT110BTBLKAM Headphone/Headset,39.95
JBL Red JBLENDURJUMPREDAM Waterproof Wireless Sport In-Ear Headphones,69.95
JBL Black JBLREFFLOWBLKAM REFLECT FLOW True Wireless Sport Headphones,149.95
JBL Club 700BT Black JBLCLUB700BTBLKAM Wireless On-Ear Headphones,199.95
Philips SHB5950BK/27 In-Ear Bluetooth Headphones - Black,21.99
Philips SHB2505BK/00 UpBeat True Wireless In-ear Headphones - Black,37.99
Philips SHB5950WT/27 In-Ear Bluetooth Headphones - White,21.99
Pioneer SEMJ503K Enclosed Dynamic Foldable Headphones - Black,14.99
Pioneer White SE-CL5BT-W Wireless Bluetooth Earphones - White/Black,19.99
Pioneer SEMJ503W Enclosed Dynamic Foldable Headphones - White,14.99
Beyerdynamic DT 990 250 Ohm (459038) PRO Studio Mixing and Mastering Headphones (Open),149.00
Beyerdynamic MMX 300 (718300) 2nd Generation Premium Gaming Headset (Closed),349.00
Beyerdynamic DT 880 Pro 250 Ohm (490970) Hi-Fi Headphones (Semi-open),249.00
Beyerdynamic Soul Byrd (717800) Wired In-ear Headset,89.00
Beyerdynamic DT 880 Premium 600 Ohm (491322) Hi-Fi Headphones (Semi-open),219.00
Beyerdynamic DT 1770 PRO (710717) Tesla Studio Reference Over Ear Headphones (Closed),599.00
Bose QuietComfort 35 Wireless Headphones II - Black,299.00
Bose SoundSport 761529-0030 Wireless Headphones - White,99.00
BOSS AUDIO 833417-0100 Frames Rondo Audio Sunglasses,199.00
Bose SoundSport 761529-0010 Wireless Headphones - Black,99.00
Bose SoundSport 761529-0020 Wireless Headphones - Aqua,99.00
Bose QuietControl 30 Bluetooth Wireless In-Ear Headphones 761448-0010 - Black,237.00
Bose SoundSport Charging Case,49.00
Bose SoundSport Free Truly Wireless Sport Headphones - Orange/Navy,199.00
Bose QuietComfort 35 Wireless Headphones II - Silver,299.00
BOSS AUDIO 833416-0100 Frames Alto Audio Sunglasses,199.00
Sennheiser HD 450BT Wireless Over Ear Noise Cancelling Headphones with Bluetooth 5.0 - Black,199.95
Sennheiser HD 450BT Wireless Over Ear Noise Cancelling headphones with Bluetooth 5.0 - White,199.95
Sennheiser CX 350BT Black Canal Bluetooth Wireless In-Ear Headphone,99.95
Sennheiser CX 350BT White Canal Bluetooth Wireless In-Ear Headphone,99.95
JBL T110 Pure Bass In-Ear Headphones - Black,12.95
JBL ENDURSPRNTBK Endurance SPRINT Wireless Sports Headphones - Black,49.95
JBL T600BTNC Wireless On-Ear Active Noise-Cancelling Headphones with Built-In Remote and Microphone (Black),99.95
JBL JBLT110WHTAM Tune 110 In-Ear Headphones - White,12.95
JBL Live 220 Bluetooth In-Ear Neckband Wireless Headphone - Black,69.95
JBL Tune 750 Over-Ear Wireless Headphones with Noise-Cancelling (Black),129.95
JBL LIVE 500BT Wireless Over-Ear Headphones with Voice Control (White),149.95
JBL LIVE 500BT With Google| Alexa voice Bluetooth Over-Ear Headphones- Red,149.95
JBL LIVE 650BTNC With Google| Alexa Voice Bluetooth Over-Ear Headphones - Black,199.95
JBL LIVE500BTBLK LIVE 500BT Wireless Over-Ear Headphones - Black,149.95
JBL LIVE650NCBLU LIVE 650BTNC Wireless Over-Ear NC Headphones - Blue,199.95
JBL T700BT Wireless Over-Ear Headphones - Black,79.95
JBL TUNE 120TWS True Wireless In-ear Headphones| White,79.95
JBL Endurance RUN Sweatproof Sports In-Ear Headphones with One-Button Remote and Microphone (Red),19.95
JBL T205BTBLU Tune 205BT Bluetooth Ear-Buds with Three Button Remote and Mic - Blue,39.95
JBL ENDURDIVEBLK Endurance DIVE Wireless Sports Headphones with MP3 Player - Red,89.95
JBL T500BTBLK Tune 500 Bluetooth Over Ear Headphones - Black,49.95
JBL Endurance DIVE Waterproof Wireless Sport In-Ear Headphones with Built-In MP3 Player (Red),89.95
JBL Tune 115 Wireless In-Ear Headphone with 3-Button Remote (Black),39.95
Beyerdynamic DT 770 Pro 80 Ohm (474746) Studio Reference Headphones (Closed),149.00
Beyerdynamic DT 770 Pro 250 Ohm (459046) Studio Reference Headphones (Closed),149.00
Beyerdynamic DT 1990 PRO (710490) Tesla Studio Reference Over Ear Headphones (Open),599.00
Beyerdynamic DT 990 600 Ohm (483966) Premium Hi-Fi Headphones (Open),219.00
Bose Soundlink Around-Ear Wireless Headphones II - Black,229.00
Bose Noise Cancelling Headphones 700-Smart with Voice Control - Black (794297-0100),379.00
Sennheiser Momentum True Wireless 2 Active Noise Cancelling In-ear Headphones (Black),299.95
